record_id,name,name_ar,name_en,district,ownership_status,verification_status,confidence,source_id,source_url,retrieved_at
ibb-school-osm-node-5015704822,مجمع السعيد التربوي للبنات,مجمع السعيد التربوي للبنات,Al - Saeed Educational Complex for Girls,Adh Dhihar,unknown,public_candidate,medium,HDX-HOT-OSM-EDU-2026-08,https://data.humdata.org/dataset/hotosm_yem_education_facilities,2026-08-28
ibb-school-osm-node-8530136417,مدرسة أروى للبنات,,Arwa Girls School,Adh Dhihar,unknown,public_candidate,medium,HDX-HOT-OSM-EDU-2026-08,https://data.humdata.org/dataset/hotosm_yem_education_facilities,2026-08-28
ibb-school-osm-node-6111334685,مدرسة أسماء للبنات,,mdrs@ 'sm llbnt,Adh Dhihar,unknown,public_candidate,medium,HDX-HOT-OSM-EDU-2026-08,https://data.humdata.org/dataset/hotosm_yem_education_facilities,2026-08-28
ibb-school-osm-node-7236130786,مدرسة الشعب,,alshab school,Adh Dhihar,unknown,public_candidate,medium,HDX-HOT-OSM-EDU-2026-08,https://data.humdata.org/dataset/hotosm_yem_education_facilities,2026-08-28
ibb-school-osm-node-8308649019,مدرسة الشهيد الصباحي,,mdrs@ lshhyd lSbHy,Adh Dhihar,unknown,public_candidate,medium,HDX-HOT-OSM-EDU-2026-08,https://data.humdata.org/dataset/hotosm_yem_education_facilities,2026-08-28
ibb-school-osm-node-4825567322,مدرسة الشهيد الصباحي,,Alshaheed Alsbahi school,Adh Dhihar,unknown,public_candidate,medium,HDX-HOT-OSM-EDU-2026-08,https://data.humdata.org/dataset/hotosm_yem_education_facilities,2026-08-28
ibb-school-osm-node-6327784239,Unnamed school (node/6327784239),,,Al Makhadir,unknown,public_candidate,medium,HDX-HOT-OSM-EDU-2026-08,https://data.humdata.org/dataset/hotosm_yem_education_facilities,2026-08-28
ibb-school-osm-node-6327784395,Unnamed school (node/6327784395),,,Al Makhadir,unknown,public_candidate,medium,HDX-HOT-OSM-EDU-2026-08,https://data.humdata.org/dataset/hotosm_yem_education_facilities,2026-08-28
ibb-school-osm-node-5235489724,مدرسة الشهيد محمد الدرة,,mdrs@ lshhyd mHmd ldr@,Al Mashannah,unknown,public_candidate,medium,HDX-HOT-OSM-EDU-2026-08,https://data.humdata.org/dataset/hotosm_yem_education_facilities,2026-08-28
ibb-school-osm-node-14077248618,مدرسة الإمام مسلم,مدرسة الإمام مسلم,Imam Muslim amenity=school,Al Odayn,unknown,public_candidate,medium,HDX-HOT-OSM-EDU-2026-08,https://data.humdata.org/dataset/hotosm_yem_education_facilities,2026-08-28
ibb-school-osm-node-14077268865,مدرسة الشهيد الحذيفي,مدرسة الشهيد الحذيفي,Martyr Al Hudhaifi School,Al Odayn,unknown,public_candidate,medium,HDX-HOT-OSM-EDU-2026-08,https://data.humdata.org/dataset/hotosm_yem_education_facilities,2026-08-28
ibb-school-osm-node-5318486722,بيت مشرح,بيت مشرح,byt mshrH,An Nadirah,unknown,public_candidate,medium,HDX-HOT-OSM-EDU-2026-08,https://data.humdata.org/dataset/hotosm_yem_education_facilities,2026-08-28
ibb-school-osm-node-9676888414,مدرسة الجبوبة,,mdrs@ ljbwb@,An Nadirah,unknown,public_candidate,medium,HDX-HOT-OSM-EDU-2026-08,https://data.humdata.org/dataset/hotosm_yem_education_facilities,2026-08-28
ibb-school-osm-node-8390154717,مجمع الأمل التربوي,,Al-Amal Educational Complex,Ar Radmah,unknown,public_candidate,medium,HDX-HOT-OSM-EDU-2026-08,https://data.humdata.org/dataset/hotosm_yem_education_facilities,2026-08-28
ibb-school-osm-node-4913901221,مدرسة الشهيد الثلايا - الغيلي,,mdrs@ lshhyd lthly - lGyly,Ar Radmah,unknown,public_candidate,medium,HDX-HOT-OSM-EDU-2026-08,https://data.humdata.org/dataset/hotosm_yem_education_facilities,2026-08-28
ibb-school-osm-node-8387846020,مدرسة صلاح الدين الايوبي,,Salah El Din Al Ayoubi School,Ar Radmah,unknown,public_candidate,medium,HDX-HOT-OSM-EDU-2026-08,https://data.humdata.org/dataset/hotosm_yem_education_facilities,2026-08-28
ibb-school-osm-way-262778313,Unnamed school (way/262778313),,,As Saddah,unknown,public_candidate,medium,HDX-HOT-OSM-EDU-2026-08,https://data.humdata.org/dataset/hotosm_yem_education_facilities,2026-08-28
ibb-school-osm-node-5760514122,مدرسة سبأ,,mdrs@ sb',Dhi As Sufal,unknown,public_candidate,medium,HDX-HOT-OSM-EDU-2026-08,https://data.humdata.org/dataset/hotosm_yem_education_facilities,2026-08-28
ibb-school-osm-node-5792843990,مدرسة سعيد بن المسيب,,mdrs@ s`yd bn lmsyb,Dhi As Sufal,unknown,public_candidate,medium,HDX-HOT-OSM-EDU-2026-08,https://data.humdata.org/dataset/hotosm_yem_education_facilities,2026-08-28
ibb-school-osm-way-991049549,Al-wahdah,,Al-wahdah,Far' Al Odayn,unknown,public_candidate,medium,HDX-HOT-OSM-EDU-2026-08,https://data.humdata.org/dataset/hotosm_yem_education_facilities,2026-08-28
ibb-school-osm-way-740961741,Unnamed school (way/740961741),,,Far' Al Odayn,unknown,public_candidate,medium,HDX-HOT-OSM-EDU-2026-08,https://data.humdata.org/dataset/hotosm_yem_education_facilities,2026-08-28
ibb-school-osm-node-9993463617,حومل العدين,,Hwml l`dyn,Far' Al Odayn,unknown,public_candidate,medium,HDX-HOT-OSM-EDU-2026-08,https://data.humdata.org/dataset/hotosm_yem_education_facilities,2026-08-28
ibb-school-osm-node-7985582640,مدرسة 26 سبتمبر,,mdrs@ 26 sbtmbr,Far' Al Odayn,unknown,public_candidate,medium,HDX-HOT-OSM-EDU-2026-08,https://data.humdata.org/dataset/hotosm_yem_education_facilities,2026-08-28
ibb-school-osm-node-12593610428,مدرسة الهدى الابتدائية,,mdrs@ lhd~ lbtdy'y@,Hobeish,unknown,public_candidate,medium,HDX-HOT-OSM-EDU-2026-08,https://data.humdata.org/dataset/hotosm_yem_education_facilities,2026-08-28
ibb-school-osm-node-7760594703,Girl School مدرسة خولة,,Girl School mdrs@ khwl@,Jiblah,unknown,public_candidate,medium,HDX-HOT-OSM-EDU-2026-08,https://data.humdata.org/dataset/hotosm_yem_education_facilities,2026-08-28
ibb-school-osm-node-7672803872,مدرسة 22 مايو,,mdrs@ 22 myw,Jiblah,public_candidate,public_candidate,medium,HDX-HOT-OSM-EDU-2026-08,https://data.humdata.org/dataset/hotosm_yem_education_facilities,2026-08-28
ibb-school-osm-node-1869250563,مدرسة خالد بن الوليد,,mdrs@ khld bn lwlyd,Yarim,unknown,public_candidate,medium,HDX-HOT-OSM-EDU-2026-08,https://data.humdata.org/dataset/hotosm_yem_education_facilities,2026-08-28
