sector,markdown_files,source_sections,url_mentions,estimate_signals,word_count,documentation_readiness
أسواق_الجملة,22,0,2,4,5602,needs_claim_review
أسواق_الخضار,22,0,0,1,3694,needs_sources
أسواق_المواشي,22,1,0,5,4918,needs_sources
الأثاث,22,0,0,10,5632,needs_sources
الأحذية,22,0,0,2,4560,needs_sources
الأسمدة,22,0,1,12,5105,needs_claim_review
الأسنان,22,0,1,12,5127,needs_claim_review
الأسواق_العامة,22,0,0,1,4496,needs_sources
الأسواق_الموسمية,22,0,1,3,4410,needs_claim_review
الأعلاف,22,0,1,12,5089,needs_claim_review
الألعاب,22,0,1,12,5086,needs_claim_review
الألمنيوم,22,0,1,12,5103,needs_claim_review
الأندية_الرياضية,22,0,1,12,5139,needs_claim_review
الإذاعات,22,0,1,12,5061,needs_claim_review
الإسعاف,22,0,1,12,5130,needs_claim_review
الإطارات,22,0,1,12,5083,needs_claim_review
الإنتاج_الإعلامي,22,0,1,12,5068,needs_claim_review
الإنترنت,22,21,1,19,8910,needs_claim_review
الاستراحات,22,21,2,23,9361,needs_claim_review
الاستشارات,22,21,1,19,8890,needs_claim_review
البذور,22,21,1,19,8898,needs_claim_review
البصريات,22,21,1,19,8904,needs_claim_review
البطاريات,22,21,1,19,8894,needs_claim_review
البقالات,22,0,0,1,4178,needs_sources
البلاستيك,22,21,1,19,8870,needs_claim_review
البلديات,22,21,1,19,8904,needs_claim_review
البنوك,22,0,0,1,4032,needs_sources
البهارات,22,1,1,5,4634,needs_claim_review
البيطرة,22,21,1,19,8929,needs_claim_review
التأمين,22,1,0,7,5057,needs_sources
التخليص,22,21,1,19,8884,needs_claim_review
التدقيق,22,21,1,19,8909,needs_claim_review
الترجمة,22,21,2,25,13308,needs_claim_review
التسويق_الرقمي,22,21,2,25,13346,needs_claim_review
التصميم,22,21,2,25,13289,needs_claim_review
التصوير,22,21,2,25,13296,needs_claim_review
التطريز,22,21,2,25,13286,needs_claim_review
التكييف,22,21,2,25,13327,needs_claim_review
التمويل_الأصغر,22,0,0,4,4535,needs_sources
التنظيف,22,21,2,25,13329,needs_claim_review
الجامعات,22,0,1,1,4167,needs_claim_review
الجمعيات_الخيرية,22,21,2,25,13329,needs_claim_review
الحدائق,22,21,2,25,13369,needs_claim_review
الحدادة,22,21,2,25,13363,needs_claim_review
الحضانات,22,2,0,3,4376,needs_sources
الحقائب,22,1,0,3,4420,needs_sources
الحلويات,22,1,0,1,4674,needs_sources
الخياطة,22,22,0,56,8834,needs_sources
الدهان,22,22,0,56,8828,needs_sources
الديكور,22,22,0,56,8825,needs_sources
الزجاج,22,22,0,56,8817,needs_sources
الزيوت,22,22,0,56,8821,needs_sources
السباكة,22,22,0,56,8817,needs_sources
السمكرة,22,22,0,56,8840,needs_sources
السوبرماركت,22,0,0,1,3600,needs_sources
الشبكات,22,22,0,56,8822,needs_sources
الشحن,22,22,0,56,8826,needs_sources
الشرطة,22,22,0,56,8809,needs_sources
الشقق_الفندقية,22,21,2,23,9417,needs_claim_review
الصالات_الرياضية,22,21,2,23,9407,needs_claim_review
الصحف,22,22,0,49,6359,needs_sources
الصناعات_الغذائية,22,22,0,49,6297,needs_sources
الصناعات_اليدوية,22,22,0,49,6290,needs_sources
الصيدليات,22,22,0,49,6236,needs_sources
الطابعات,22,22,0,49,6337,needs_sources
الطاقة_الشمسية,22,22,0,49,6294,needs_sources
الطباعة,22,22,0,49,6231,needs_sources
العسل,44,22,0,51,10289,needs_sources
العصائر,22,2,0,2,4638,needs_sources
العطور,22,22,0,49,6273,needs_sources
العلاج_الطبيعي,22,22,0,49,6294,needs_sources
العيادات,22,22,0,49,6327,needs_sources
الغاز,22,22,0,49,6356,needs_sources
الغسيل,22,22,0,49,6394,needs_sources
الفخار,22,22,0,49,6359,needs_sources
الفنادق,22,21,2,23,9410,needs_claim_review
الكافتيريات,22,21,2,23,9369,needs_claim_review
الكليات,22,1,0,5,5447,needs_sources
الكهرباء,22,22,0,49,6295,needs_sources
المؤسسات_التنموية,22,22,0,49,6299,needs_sources
المبيدات,22,22,0,49,6352,needs_sources
المحاسبة,22,22,0,49,6354,needs_sources
المحاكم,22,22,0,49,6295,needs_sources
المحاماة,22,22,0,49,6353,needs_sources
المخابز,22,0,0,0,4835,needs_sources
المختبرات,22,22,2,46,4621,needs_claim_review
المدارس_الأهلية,22,0,0,2,4001,needs_sources
المدارس_الحكومية,22,0,0,1,4127,needs_sources
المرافق_العامة,22,22,2,46,4601,needs_claim_review
المراكز_الطبية,22,22,2,46,4608,needs_claim_review
المساج,22,22,2,46,4626,needs_claim_review
المستشفيات,22,9,16,13,15774,needs_claim_review
المشاتل,22,22,2,46,4611,needs_claim_review
المصانع,22,22,2,46,4568,needs_claim_review
المطاعم,22,22,2,46,4550,needs_claim_review
المعاهد,22,0,1,1,4975,needs_claim_review
المعدات_الزراعية,22,22,2,46,4608,needs_claim_review
المقاهي,22,21,2,23,9375,needs_claim_review
المقاولات,22,22,2,46,4568,needs_claim_review
المكاتب_التنفيذية,22,22,2,46,4594,needs_claim_review
المكاتب_العقارية,22,22,2,46,4606,needs_claim_review
الملاعب,22,22,2,46,4593,needs_claim_review
المنتجعات,22,21,2,23,9366,needs_claim_review
المنسوجات,22,22,2,46,4555,needs_claim_review
المنظمات_الدولية,22,22,2,46,4587,needs_claim_review
المنظمات_المحلية,22,22,2,46,4584,needs_claim_review
المياه,22,22,2,46,4548,needs_claim_review
النجارة,22,22,2,46,4552,needs_claim_review
النجارة_التقليدية,22,22,2,46,4589,needs_claim_review
النقل_الداخلي,22,22,2,46,4584,needs_claim_review
النقل_بين_المحافظات,22,22,2,46,4620,needs_claim_review
النوادي_الصحية,22,21,2,23,9410,needs_claim_review
الهايبرماركت,22,2,0,3,4327,needs_sources
الهدايا,22,0,0,1,3583,needs_sources
الهندسة,22,22,2,46,4568,needs_claim_review
الهواتف,22,22,2,46,4582,needs_claim_review
الورش,22,22,2,46,4558,needs_claim_review
الورش_الصناعية,22,22,2,46,4596,needs_claim_review
الوزارات,22,22,2,46,4609,needs_claim_review
تأجير_السيارات,22,22,2,46,4585,needs_claim_review
رياض_الأطفال,22,0,0,9,5132,needs_sources
شركات_البرمجيات,22,22,2,46,4591,needs_claim_review
شركات_الصرافة,22,2,0,3,4350,needs_sources
صالونات_التجميل,22,22,2,46,4592,needs_claim_review
صالونات_الحلاقة,22,22,2,46,4586,needs_claim_review
صياغة_الذهب,22,22,2,46,4629,needs_claim_review
صيانة_الأجهزة,22,22,2,46,4632,needs_claim_review
صيانة_المنازل,22,22,2,46,4595,needs_claim_review
قاعات_المناسبات,22,21,2,23,9425,needs_claim_review
قطع_الغيار,22,22,2,46,4639,needs_claim_review
كاميرات_المراقبة,22,22,2,46,4596,needs_claim_review
محامص_البن,22,0,0,3,3310,needs_sources
محطات_الوقود,22,22,2,46,4587,needs_claim_review
محلات_الكمبيوتر,22,22,2,46,4583,needs_claim_review
محلات_الملابس,22,0,0,8,5204,needs_sources
مراكز_الأشعة,22,22,2,46,4599,needs_claim_review
مراكز_الألعاب,22,22,2,46,4590,needs_claim_review
مراكز_التدريب,22,0,0,2,7789,needs_sources
مراكز_العناية_بالبشرة,22,22,2,46,4620,needs_claim_review
مراكز_اللغات,22,1,1,0,4982,needs_verification
مستحضرات_التجميل,22,22,2,46,4593,needs_claim_review
مطاعم,22,21,6,27,18689,needs_claim_review
معارض_السيارات,22,22,2,47,4596,needs_claim_review
مكاتب_السفر,22,21,2,23,9463,needs_claim_review
مكافحة_الحشرات,22,22,2,46,4596,needs_claim_review
مواد_البناء,22,22,2,46,4601,needs_claim_review
وكالات_الإعلان,22,22,2,46,4600,needs_claim_review
